Column 1,Column 2,Column 3
-1.231356121354315,1.3059168562516563,0.5119942349579145
7.874195137285176,1.291635876653748,0.1550319892534074
13.169984306722828,1.2749734530292893,0.18398841228967908
13.442202844487825,1.549125527145185,0.3918246962323891
-8.032985137941763,1.8952363147676152,0.39812180938930214
-0.8565254761405283,1.0647995058778292,0.47185032678579036
-4.489865472100746,1.9861184915353318,0.45562516936507313
-6.185213984749613,1.0190813881200977,0.07748465459033595
21.419852171079206,1.5557058929476306,0.29645547390480753
-2.4894180384735147,1.003688037833261,0.1394638294850128
-13.176405871120231,1.028014204263096,0.3956738618442122
12.582602684621026,1.4804247735986493,0.3077015240718567
11.81390206056949,1.7840528998441914,0.36131008596694975
14.98994648359396,1.3219489434766691,0.5590935048120808
16.949522928693398,1.3526031545152186,0.12122044899916694
-6.194181469556174,1.7821791835984842,0.35700614522310925
-16.669193811881343,1.6705683799062256,0.5343354238991999
17.56060550464049,1.7400222736839046,0.10398278731856231
15.223745373006654,1.9946991518641142,0.02734956762618297
-7.627479814318438,1.8322279179538357,0.3595661211039354
22.642593041305208,1.852380328789852,0.1691255327319486
-2.8871629845384685,1.9827210004296028,0.21644853631163607
-2.580208235737109,1.666864119994306,0.3302698585096783
3.932343885865679,1.1145727366696323,0.1451153022273609
28.27253653776794,1.0329266740390115,0.024195456168652228
-10.855579119343908,1.7040231765924883,0.18487584281449593
9.559002508499816,1.3813791286695947,0.0418877958714897
-11.829686046364769,1.4071279658574793,0.026535532592210094
15.190939638227908,1.508367429341994,0.14376917783158383
2.0226485497648268,1.1036057563672623,0.2521673475539817
-13.52332136869709,1.975197146104709,0.22543845983730276
9.448240688493993,1.1399265431026024,0.07379836124672617
0.5266859079579183,1.8427377796521724,0.3685393502929311
-3.8467835047748933,1.3074389717240318,0.6829361823729126
-11.98703386981083,1.4144655499889098,0.35468399880547774
12.818775076782586,1.391728609840418,0.040039679553847435
7.7363712159751294,1.8497976703666459,0.5832018201149451
-13.641448196577684,1.7700326750188151,0.14539180908234814
21.34700771198532,1.8153612423803573,0.25481277394374435
-2.08736246424659,1.584239784019661,0.12973110194641022
5.344164993363195,1.3265221537192557,0.3083535208519055
18.984894868951763,1.9939010173429401,0.28646444862145687
-4.289165502683568,1.4575396956758642,0.09783828572168443
3.7946794277361127,1.1470921938351015,0.259196686122129
-6.302636333186683,1.4089403631971633,0.5371124108383308
2.550090820316251,1.7218303043777206,0.3956140710409134
22.210135578470283,1.6319798770621268,0.2690446148431194
-6.6402037130742055,1.2372787416350355,0.5051394371612512
-1.6420481891597838,1.3439711773647036,0.12547008267354257
13.817664519175427,1.9786642099340321,0.535052359509888
-1.7460744626485667,1.4120917393681212,0.34915534727140285
10.583277481552354,1.5010076112228985,0.11815166364349647
11.132779796917577,1.1411731797370601,0.192400745623731
5.709315319773923,1.7585879251493046,0.1304800244071843
10.629428361060292,1.2733499732527616,0.3981781804694558
-0.6717604664046206,1.1974175595385952,0.10946574165185903
8.6127085167394,1.993119688270978,0.263509969368358
12.183750369151715,1.513910114265868,0.6969596576228934
1.9089627011512715,1.858100349786024,0.35042936774270655
4.5636606527781085,1.2652713932184216,0.1649200729833839
9.966823778367388,1.18701556886568,0.27667426432729464
17.364836588214093,1.9492694306284355,0.4024708202674534
-8.616467483537226,1.011545924869647,0.29064631957253767
3.3773884449830716,1.2579678407779524,0.35324867755553424
-1.451417135998219,1.1229692730529999,0.27852917545200967
10.13283369321162,1.6187836011361876,0.2757079721295595
7.585090468653758,1.9734943010271642,0.2833909223055458
-5.027250958083622,1.169085648638594,0.4466304621036893
-14.554846011308168,1.6659731749868425,0.2640149998772088
7.702053395483935,1.4332616119977497,0.10107648467266066
-4.17423905650735,1.7844523900679568,0.43075388760172617
1.6692127710320337,1.9408100633670593,0.5129704648380892
5.6921421793359706,1.940702844916189,0.44876897029123736
16.821466608339772,1.8988271459024453,0.03985853286133628
-11.133807533210653,1.3577346604706526,0.27975779052278416
8.543912642927243,1.221973610939088,0.7399270178602584
9.734378639541516,1.027994668473549,0.23419917985433153
10.120670405796472,1.3249297448404422,0.275083570401982
9.085231198831034,1.5691479625016511,0.48814428528429166
2.9172615889813462,1.9676601639154359,0.23000906082289502
-5.207141834263254,1.7935418945350659,0.1530102406695951
15.700574837306089,1.922377060055671,0.1660350677674099
23.304350887318463,1.6294927473607266,0.10231158530020201
9.224648240241208,1.12605265204834,0.10839128202545875
13.509294006503662,1.016695888266691,0.3425554911539139
6.138049044874211,1.329553643642316,0.31603211394839176
12.364528276635541,1.9125331529934695,0.10942456953911824
6.960977797629933,1.1904670245529891,0.37044096585058045
-6.303082389807621,1.1364936102735863,0.4914816168510678
-3.832052630914518,1.7723407328698486,0.5203134881114182
0.08221923733046888,1.3284145892103454,0.12246783264125072
11.213494272522425,1.8570657726300146,0.24432527727313846
-2.988849859574202,1.4455425408707274,0.19465289820412385
-1.5533663009330168,1.836430368862092,0.22298965515968297
4.1363116261747255,1.9739466681691136,0.22737997131714763
1.4600265715005798,1.243118761073712,0.14288647974661425
21.418707450077882,1.3644940919950903,0.11808177285045846
-4.044437664978956,1.1484628551367368,0.5366187735050222
10.0971848090296,1.5779664375354543,0.09786875950124814
-26.397434641555485,1.7947053342689552,0.07554602024808764
1.4424545790750174,1.0891245706024146,0.34289704107348024
4.350637762307652,1.143654151267594,0.3884268802965027
0.06158199942991027,1.7256581819577752,0.2796851251472361
-13.731196727432547,1.3543604025228317,0.09577347500410908
24.401216885104443,1.8226498138981175,0.03140002290073024
19.292255027138385,1.883558510991141,0.1334184355190846
-5.0684402720746125,1.472810973866559,0.10313858316586492
5.72572831479768,1.1443711757322061,0.31029644853394034
30.450128651994472,1.1758930593427326,0.03184033268671874
18.89274086249,1.7959437380524657,0.5927399242348789
9.982074438768112,1.464865301368035,0.4547757872645145
2.7692941084318097,1.120657397705389,0.24683414033715453
-11.238156249405542,1.524059890929152,0.42543471137606687
-8.395946877777455,1.8235003020775746,0.40712401429478545
15.351072150665065,1.7698357967973786,0.10768600659387598
22.709606076092026,1.38979400292438,0.21865774550986183
14.438655932417833,1.0132763557629298,0.04420532993756906
7.605782602943721,1.7518876619781207,0.4049940467610908
1.1244020593932191,1.141634533307402,0.3572502482609099
3.1696401454853635,1.2839493028477318,0.16544153239693685
19.00526471459576,1.4652507136451998,0.300112588987392
5.647533754445377,1.8297079416013315,0.1791625428748033
7.274084002773947,1.2145873077655307,0.5240175209369751
-6.690814255971116,1.850060304522541,0.4849270412961511
20.781381097761837,1.9111378686482934,0.1289269304447779
-0.03242909390308224,1.9976326672146838,0.489947758444387
-6.786940734175662,1.0461266246646337,0.7596191769140637
2.4543973545135547,1.302021105823001,0.29456676327963166
-9.94632220079455,1.3025998889074621,0.48496009821767966
17.02687618935085,1.4829239819267777,0.07050628103492763
13.902881321944335,1.4803025818695397,0.3173132071129896
5.558114583428743,1.5598785941620648,0.6074630771911563
-5.752281268556654,1.631892850353444,0.6954689091198565
4.427647873034602,1.0941806651120454,0.08150285159769993
21.066425764965928,1.8451910044228863,0.5166550815719106
2.789151204024192,1.0474990271671731,0.03464774809000927
8.29797537242766,1.4627879528320278,0.13348898672643436
-14.513809690098874,1.1844789198455847,0.36396057557974176
21.555510255742035,1.505834286550678,0.1047719900311386
-5.344525576871847,1.589720447363721,0.1080469231052618
-8.47966028802618,1.888016710937379,0.18855102951979152
-0.18494543052260326,1.1622145089799407,0.40176550538261396
-4.346334586377669,1.0143041700315776,0.09065357916209281
13.511109359790563,1.9820946199011127,0.05835768955589888
7.26669194956045,1.3252813238378884,0.23477507170110248
6.62608601297267,1.5784397978658786,0.430408347046612
11.033747961918836,1.6197524517226278,0.21032883718098302
14.504333490971385,1.575377637575488,0.4524022687989101
11.701075517348901,1.3011043390521877,0.39620832473277967
18.74890636878031,1.045829489362222,0.29270646860310723
-7.049374504267318,1.0382260904125,0.42450391347884664
-17.877940933812194,1.4497493294800612,0.1450502067357383
17.364086715859926,1.6309859538240787,0.030860028954242762
-2.0592207409470644,1.524572527431801,0.3471970230805552
8.548603002202356,1.944225193551358,0.14305724438984305
6.642360667710283,1.9961556312851083,0.23799348016727906
14.582282059397246,1.0568966913704623,0.5932447421178086
9.32930626122186,1.8034648550746146,0.03318593765478403
22.491427236116152,1.8731387069091638,0.2573911330467997
-7.998144132701913,1.2054213271732324,0.5954737667547373
20.84203873464042,1.0825731415628468,0.3675636433591058
11.766818846809144,1.147027607648085,0.5064239384485009
1.1777725283983052,1.7299604730368037,0.41154263093564253
7.432829279158867,1.8986020538088328,0.6731508445356689
10.844268781950404,1.1378398521386028,0.42069730229982044
-5.55535160639225,1.01850094933781,0.21465939663648978
-1.8050524622290887,1.1582733291777216,0.22845640715813598
-13.064417605881864,1.0866608067358425,0.20399148636886796
0.21078028291401463,1.5021753001160492,0.29573149528593184
6.439463074706227,1.9271760911857596,0.0782898841875533
3.7630360270772405,1.1700849222193712,0.13862598407559662
16.50649187711295,1.7198780994370573,0.16853646851482082
-0.39048925249713307,1.965837392115417,0.14589143389425466
12.632860460714097,1.6755078560827397,0.5546508968693542
0.29246968156442943,1.1672426756500518,0.32753346496748326
-7.1173683574275355,1.9877902353146522,0.17070525843191944
0.7256398672527768,1.460896923987391,0.07589474285249789
10.06294844813748,1.0192653975569248,0.47819422584074406
-2.859666676397671,1.7660106948265935,0.19682732531591568
-0.8457786169987305,1.8429507643661172,0.14643434796117302
1.1352671450727785,1.0647516603195732,0.503535685069438
6.538075432581872,1.794738907397789,0.4464310041921296
-2.98584470388795,1.000261898693943,0.12318184797496813
7.547371170638479,1.6994736673727142,0.37960629929773115
7.57124057462777,1.3882361304467583,0.052720651784428876
-5.4751059753980265,1.4106271335716052,0.20002369131050612
-2.7423541332154633,1.1832958017843205,0.19025380322967922
3.453520802476481,1.9697548566547174,0.5067768961139065
7.35601003066898,1.675706068367459,0.0050228852445120525
8.221293276680342,1.801434509908383,0.587912522737826
0.17175692999415038,1.222030020798009,0.10670404781044292
-3.460116005329044,1.1206512373561845,0.24562320850318664
15.676588608072107,1.571425815652816,0.18221719675095488
-5.416510573615211,1.684987545408645,0.37353482956906514
-4.066010793818961,1.2412438585367562,0.048657646142829164
-6.249142788307356,1.5295200030542677,0.39418548815601023
-0.5787576083243806,1.9857506469150528,0.282805292398627
0.5148677492529945,1.0447471707358549,0.3228005002732034
12.809284923464295,1.5002343404472795,0.7659375006408431
-3.420641007582214,1.76326319781339,0.27229839627989055
3.332208136582886,1.5523734012620838,0.14201942176712473
24.67471452948737,1.4159025137933003,0.3288922281486483
11.273796177049867,1.4721657739026806,0.09730345857079986
8.49105031279598,1.9868993108003739,0.08530499975740602
-2.9058248394923636,1.4566009792497614,0.20435804365989932
-7.318683636933011,1.1417056623647786,0.25978756552628396
-2.1290438083280883,1.3287328608058475,0.5521650119405713
-2.8751465997961114,1.543988225139668,0.2910732093424012
-2.3798690648604586,1.540397533282294,0.15355371962917277
22.983197097028743,1.3454235027825536,0.44995988848161816
8.574995906924686,1.7006678620030395,0.29766017569144376
4.560773468091696,1.1680044902212026,0.21726680979754256
-0.21795231954432115,1.263293814901122,0.13651664557871085
17.157650243010096,1.5981412139864148,0.10560874314051277
0.3484671924285281,1.330694105464154,0.2287230746228576
-2.51011799883646,1.3050191791003147,0.5271698111534182
6.617088177474619,1.3163860001832766,0.5150645796462572
9.730572332827595,1.7787166245800596,0.07943676412784424
-5.967918646163795,1.1614019510438602,0.3389509815457691
5.011295492313016,1.2954715082588137,0.3294764409102242
2.159372678285997,1.8873481419307132,0.2053099529900878
5.438400535224995,1.1117708464418323,0.18124408789733842
0.8269971624560641,1.5979385580836165,0.3452379901878817
2.2231942988755202,1.1930702217956597,0.1688395239988571
6.681843155713217,1.1375817998198987,0.10427244637346089
2.303754494257582,1.77461812673582,0.13373570354201178
18.794091837036433,1.5440361776812268,0.19871564366196762
-4.558743698063312,1.2778541604872542,0.3791069237739262
-11.283874186051934,1.340278232001281,0.2379480617303363
6.619011481178653,1.269012420789906,0.2961657514664834
-7.651071685395172,1.3932834225352853,0.3171365315749524
-9.760144181379468,1.5079194810494978,0.1343176870165357
2.6512665119901833,1.4685184570140954,0.4832166099641342
-7.6205385024347745,1.1456714669982562,0.16201875247912534
18.35977073840237,1.1817841792239574,0.17802962152706603
1.528243334371469,1.405601002534537,0.26315517022482726
4.648577547787266,1.391447774255841,0.12848638631800774
2.7110322748643756,1.9578460408742098,0.45846380530317254
14.339673972568201,1.7475702161345423,0.2003399617406895
10.36251908055375,1.4910893766995388,0.3939906060904767
-5.82841440389943,1.6572572704178985,0.7973545299403018
0.7917052460652423,1.0582587948631481,0.1872662710790249
-1.958658672439662,1.8649504781882966,0.19125082790921083
11.143715282272701,1.6190990534076535,0.1298862193705396
-10.741368484208676,1.223209424562794,0.37871834830929135
0.8959868246044231,1.8314262054045733,0.2046818840806553
-10.265302364925558,1.9003266726909387,0.215231139151339
-1.6811395707387238,1.274791543023746,0.09804543050436779
-4.0242594605091195,1.9125207550469758,0.29283477530432656
0.8074951834166857,1.1617202879760353,0.450038351067258
22.316783836085044,1.8182445682308117,0.03886289954493481
-19.279516609424252,1.8442860500516343,0.02572158513622794
4.894145757246748,1.5062866355448237,0.18976407305570547
-16.210670839979752,1.226534748548918,0.13805787427823601
20.23448844045203,1.8113067777658292,0.10934460940675371
18.776196845375424,1.2779381291205034,0.3580830630269405
19.817403084284045,1.7378819748212675,0.329724736407944
-4.393161134355797,1.8201689963743903,0.13996285436114844
-4.804879397799002,1.2988621532951574,0.08954380420221564
-14.590165583851643,1.1568350225310238,0.2930370595431146
-6.689007066553387,1.2690581094253397,0.34035295174453906
6.327086126064454,1.555901613350763,0.1910487209720806
-0.4590907521770031,1.164511105945899,0.31212564082372846
-9.211509013130748,1.5400040505454453,0.318569117722171
11.634925527059284,1.9274529494979395,0.42597282680982623
28.87696910207753,1.671117334675846,0.2422078376539871
1.7066100721460753,1.7032264269276736,0.5627623332723424
-0.22395951541065262,1.11357759123428,0.6359837100893817
0.23009432772597282,1.4682144131042674,0.2803379033566157
2.6087087395860227,1.0839318564182268,0.20004241056562946
-4.838635957170359,1.0432825975210624,0.07939378431234159
7.6932816219045765,1.7715860710922304,0.3867326641367955
-11.75388149643042,1.9191175304248653,0.16720494487233709
13.616474656992096,1.127635047995991,0.3372030673764699
1.2572974343910102,1.2198031071230417,0.06246259710484632
25.52787723034624,1.2190372791470359,0.21060166324647986
-22.342469022316873,1.5906900123602692,0.2181480951334717
10.685028422671241,1.555507900392363,0.5000363147786281
7.89470881631739,1.5937792379048754,0.5579458214880503
0.15980347693044994,1.956130014533566,0.057664086120820315
3.713807816204203,1.2537560474807168,0.3903517821087386
-2.0556717435209713,1.5640245480408992,0.23114765373500296
-1.777204533258078,1.2251025392532207,0.27657666161793276
6.484080619894423,1.119027620254786,0.05436399408694624
-4.54921088728355,1.748144035819863,0.062916299458594
-9.419931609479654,1.6419618876297943,0.11859369927996664
1.0355509143071595,1.1312606690315743,0.46128260639085233
0.25141778703103945,1.691408279137892,0.6533247347737021
1.5267470413064013,1.6685947388149303,0.22868319571595386
2.550493727958778,1.9742417086745219,0.11782657431235694
10.341143860156238,1.0785537224555122,0.2691443466033792
7.478768097433575,1.4165460061560875,0.14232168156739164
12.35695668743332,1.6294385967834668,0.5541084217034031
3.1995536162817597,1.0161331038470225,0.1009877358440502
3.167715400258442,1.7804463929208538,0.060128084901978095
17.940819146774412,1.4192766940154606,0.154346265109163
-9.676583956828996,1.5949480843513122,0.20323505389367366
11.843415065211484,1.80679660590497,0.19565497227766793
1.7140300688819856,1.7640720293936467,0.2941683676277595
-7.904943489342475,1.081773141062487,0.29755189523706854
-1.779940525226456,1.8749795388735153,0.5130578604836745
2.447517968911934,1.3379452764873856,0.09957360418992493
-2.8997006388589055,1.8914274714189658,0.24405739496852483
22.749652812161578,1.0255058414718996,0.523762129124455
18.401736702654052,1.955071470684771,0.36411007436014337
21.63055863409724,1.3994712547144958,0.005858309297083853
13.424579237304204,1.0814445341244592,0.18727952748628432
-9.534658960886976,1.837179962314481,0.1512867001021592
12.348012427056704,1.1766477765055745,0.15844029354707023
-4.3868280916528875,1.1826220160296534,0.4428170413256232
6.929603406440151,1.9383949445135027,0.28803906407819424
-4.805535178359614,1.4070948111896369,0.16290609743620799
13.867382073463483,1.4901112018116487,0.40825772978925257
-5.831548163515176,1.242621404027431,0.15572624865176185
5.434449252083828,1.195834287779578,0.2490046396736153
28.342179644894987,1.235543884282063,0.19238970167132244
-1.0466109571746873,1.3194488896553676,0.14207650582842762
10.14765606479899,1.9264857210986754,0.7109371464273271
2.3639382059189797,1.7608922477266074,0.405761428356776
-3.3140813274373686,1.721404221225467,0.06954320768675591
2.3574971597753667,1.0598026089876091,0.1518078353500495
-1.0091685497002514,1.2606626423983904,0.5429621706962239
-6.811633288576985,1.3651405246252792,0.5333396446270088
-6.8128937646996075,1.964579651474322,0.38264714922582393
22.18453474502637,1.4443814691980128,0.3387462167041257
5.106399242003968,1.3067170174244565,0.26034070889400424
14.158730932372556,1.5008945990541376,0.23642760802806548
6.4444063850407245,1.7308351819565018,0.42457007728239454
4.577942044129423,1.5708923371733383,0.3907586664911524
-2.6144716866747455,1.3899957946062254,0.5154848825095415
-4.080400835461379,1.8332518068279262,0.2929177443240399
0.2789819045251156,1.2745946571364195,0.33268681654187565
-4.096477362206954,1.3679600605799038,0.1949018592712324
1.2617902362700013,1.7388712949306613,0.22912537666955549
20.063307544431293,1.0793487379963222,0.2871055205804429
-0.8561597370109757,1.787102049825866,0.24581884933668383
25.938866678086622,1.251212052743416,0.10295938120285565
12.533716728872122,1.2815808476147605,0.20248689532137176
0.87054442828819,1.1667148194411416,0.35760438474740974
3.8901721687365773,1.4109002742245855,0.4059331658138831
-13.40937749403695,1.4402779305274391,0.22259634527746078
-1.4207610217099393,1.0340541467511164,0.2894238241652066
-1.0912911885562773,1.0742462246902624,0.15977461473376006
-14.291963323667101,1.6049288805749091,0.03907424518469246
12.532438530699801,1.0137274523990105,0.3465103039677428
0.3528581130578594,1.054397335603968,0.3485545457598417
-1.0047110260121457,1.58364206366487,0.5342486175079915
-1.2680565301938609,1.864277898984053,0.5882671496052491
-8.580830300536668,1.7867100674718226,0.1774591108592778
9.576803568392389,1.1128570216868208,0.4618025240676095
11.11226462389778,1.8652250930479264,0.3695593950531158
2.7944725845653515,1.7484145537922076,0.6035209211169242
1.4380815673269778,1.4017062671812957,0.6147087048847372
26.771021878289723,1.300729562328256,0.2906257753931797
0.23099604936918405,1.5092126795925735,0.2388781488240859
2.3526879629905824,1.3162832826148605,0.35604953816308316
-9.886609856531539,1.3285686696213728,0.2568118769957272
-0.6951526258878582,1.40393144063657,0.16068429901857098
4.986384244672656,1.0162346984418404,0.20584486555650153
4.348677807861017,1.3360387813114816,0.17360691421049854
10.041222090050319,1.4464919683149047,0.2342479821509311
13.365105362642437,1.6719773659367028,0.23281702990146946
1.6239588328665864,1.2124148034902649,0.8283334566038887
-3.565519935028502,1.4417067310712193,0.08355584951313132
20.084784737061938,1.7669940937531576,0.3449246402035943
25.267616253858243,1.1275460032646785,0.6521588856270504
14.169170041065636,1.2064607642371823,0.17332052746444676
-7.1182639244206545,1.5316049011075563,0.1199856638244781
2.8802444495406405,1.559861439770992,0.1571651508411246
-2.7146474841945434,1.9243397748406559,0.22137488387520168
20.75819524737926,1.6984804330363223,0.2824634230639926
-14.715236779422096,1.1888292111521521,0.1473114269519275
-3.8767949725433306,1.1213362300921061,0.22038168231329258
-11.094575491252826,1.059456268248407,0.12484037915347442
-1.1040121905457365,1.1554145015323218,0.589393903723389
6.315270053873467,1.4043391043942965,0.23591423509591264
-15.563880994801984,1.3230074015606663,0.3204656329428857
12.391676107469486,1.7517632323518637,0.1396235140822907
-8.042592082307317,1.9092550244758044,0.1643518177445386
5.2214327681295165,1.507887185725131,0.2039775589602794
2.315827719420009,1.428097844427687,0.11749276481873944
-2.254289845815056,1.4102767706869752,0.15885118278227575
15.153123268816032,1.3628455726960078,0.2768029743617926
3.2883280754420356,1.743927861836991,0.31093661749701523
-3.565789220226452,1.1359602832536306,0.4567532867521576
-6.899288156552965,1.9339891415730672,0.23127215174198726
-1.882443529765748,1.6335992448179422,0.589150921858758
0.5904760995740306,1.977865907317009,0.13323793561776975
19.423740334499602,1.9437465417924458,0.31902763941309525
1.307449003291321,1.3210925338517745,0.15715882993826902
7.942222688342062,1.862592576488772,0.12911473074196017
1.4015089483421264,1.8069564415025696,0.08100523844311674
23.276239891138033,1.2219374733536479,0.22312537764379925
4.821237025822912,1.0175378933960628,0.13132884307361048
-5.212550479037761,1.4392513569559275,0.5430358635463929
9.856323488475647,1.559016441304587,0.11813416253726672
-14.221604903796976,1.11160784871764,0.33794455337654483
17.184557973121983,1.5435626831319973,0.3189248363847015
7.303147178079403,1.0332081111816454,0.42860511290753667
15.426193806508692,1.1651228543041732,0.20789967445312352
20.56074988247482,1.4644079272055734,0.33501481918498427
9.185793068641845,1.2243076259808299,0.4224361128446504
1.4150503743747405,1.0075445317995637,0.11223518722007549
17.293791769927882,1.2755359361159377,0.2193874097011156
3.390418085301339,1.3102236797564633,0.28780208451506284
12.787023333986337,1.2458381615871437,0.45200513797277125
9.865944449166113,1.1277042205452856,0.30172143807169555
14.861818854111702,1.5210643872906608,0.5824645145742026
-8.341612870077585,1.258585362313128,0.03595920805305927
7.883919506006655,1.4029946489280574,0.4477920439596339
19.0021230189876,1.5920160235587586,0.43992864164827417
-1.3950981325664156,1.7128729240762572,0.3413793145061001
6.576914571940701,1.239406746631377,0.14198440032995668
-8.287881350093597,1.5989755534071892,0.668156395408382
3.5048681687767167,1.8042633839420783,0.19600566876712966
-10.43040126163506,1.3906491132336596,0.4922238862465153
-1.8015569416017199,1.5859399814786008,0.10876467543280524
-4.480737367645233,1.9231397096602687,0.03644251254629706
0.19687781526023285,1.233036661079701,0.25805251962092274
14.189507916946965,1.2708391136616135,0.052447209148531876
-1.14172882824825,1.852401630462642,0.03554314905989391
6.878070553627154,1.1655270064188374,0.4812266239662017
5.216881502723791,1.3382646962805824,0.31232529964631045
7.641902671352886,1.1238424248883723,0.5217424818812777
6.784347345347325,1.7925431197949089,0.09226329954769785
9.994218181901909,1.3500937032664473,0.08020272734791208
-2.95163967319981,1.0905012208212823,0.2480850721011101
9.838598147753295,1.0667339709226737,0.1315940130311473
0.3989991852091239,1.3107446414982176,0.25983403862794385
-9.136718426763125,1.6572453912724217,0.36181348027315446
8.100979258095066,1.475381739761639,0.2500570613230127
13.086969640306293,1.0129892062445138,0.41748013674991497
10.022265750573535,1.7404915767979263,0.5236921260670909
-7.484190281683308,1.2114745990676643,0.10581454831883189
6.437629357764056,1.1062321662768282,0.6170567672090674
4.144335599431575,1.5888669457455267,0.4737519631722132
7.361273807375739,1.9340121566781734,0.1335775363482281
5.127881652590262,1.9943966729516354,0.18150850004585875
2.749863183587058,1.7799500455993704,0.5999942194635988
-1.130625496127874,1.829151633135199,0.16686656650722773
-4.620482187477922,1.2434439863030913,0.4560053921845032
6.787277633482735,1.9839635738365353,0.47838009095818934
19.512455070622728,1.023381206840246,0.21779416840029597
-6.374029114144223,1.0639284087072949,0.24758435957096267
4.306765183595953,1.603421789269473,0.18148111709333842
-3.5453945076141853,1.4196094047102346,0.213275681181217
0.21047121478207798,1.9904805687994245,0.18356271745033176
5.099924158872662,1.6198798774808274,0.24210420313372594
24.961234162905168,1.8039416655944989,0.3059484779975655
-5.558130394391862,1.1538664539303718,0.4682932154820982
11.559699084269644,1.7323235991419352,0.41340472620309754
-14.866477632772085,1.9624164300238984,0.24239344285447328
-1.1130911884564263,1.1780154009092147,0.5833492871314626
7.74625039874654,1.3900038204549883,0.3000525574517793
10.467093449572396,1.7943906129940006,0.208254743713199
-14.575073613530911,1.1225506056796706,0.41781244316179017
1.3315846061842134,1.9474418472227766,0.5201857534109052
13.840850320334129,1.8193220355036783,0.22300183230055098
-2.676730591316441,1.633630497364253,0.3471186981722389
1.3864960682277623,1.086853116732364,0.19341051014214722
-3.335899174669093,1.7759704626295965,0.42214885555023157
-1.0249163862643664,1.5681850858747821,0.3175027841714846
-6.269129941537097,1.8153147147852464,0.450361649605335
-5.494830570761879,1.791954244050979,0.5096521336913873
7.153993983269034,1.9771759093190004,0.335589034357034
11.00164382486739,1.9879726781483114,0.40012598960000717
0.2866443539243293,1.5175884308283918,0.10984389861894517
12.716417975708517,1.2042310061247874,0.6171648433570993
3.7830501304517865,1.0809322346907608,0.1390813150425382
8.7668859040823,1.6299748987388991,0.2238015766094016
11.001812458778131,1.668344760192008,0.3345680881410083
11.382957392631457,1.6175052321148289,0.35641330960026635
2.3453972695060594,1.7221842246457653,0.46865688458380794
13.219113277989132,1.2734397464740566,0.09560416976834242
-25.057567818537112,1.3890868326997858,0.35301944140070235
1.1024848497417894,1.1525912532528853,0.2304197858721718
3.4481161321294747,1.4953172018514398,0.34715820335680664
-7.953548578681751,1.0030087468720223,0.1833475737012863
12.844163581528496,1.4556155084939606,0.11352419215158042
2.499266194332205,1.4757708968589345,0.14473410244869844
-2.485253441545874,1.2305650550948974,0.4002855173391002
-6.6030942896853375,1.164353038368315,0.3453256657435438
0.9713659041558671,1.3642079194724452,0.21599384063221702
-12.56338573703773,1.9621539617131112,0.20808759741377442
0.9115376543524878,1.4446460027876284,0.043552506710884044
10.443073039763672,1.7084851200493294,0.0814081262740713
-5.943542996488313,1.6853518308967164,0.29170097136092155
-5.234685006188204,1.1052270061025347,0.5443730792338034
1.5803367988354688,1.3908329280436202,0.5273258845008585
9.710033963491746,1.5108378610386146,0.5235385334969582
-6.802397181838106,1.8188737066035863,0.17197314034976677
23.110579831050696,1.0573700613111843,0.3864735990721066
5.982360569558328,1.969388647471217,0.1295041629001262
13.109229401089774,1.6558208715179283,0.15548913638071502
8.614381963851793,1.7390325848810488,0.09018819884650281
3.986775982749424,1.7829413798793197,0.2080142016761493
-2.2361027302174863,1.560984884731118,0.12425011417839732
-2.7782316900441666,1.5470262121343272,0.1345127669960554
3.503748227151503,1.422673083425567,0.33392932195971214
-12.214361693123099,1.2487463310292908,0.45459216344408804
-5.34108734487166,1.0335441151038127,0.5012680923715935
-5.086758005893865,1.6860149285167068,0.5387816872016989
-7.855158999108568,1.9323505454012357,0.09556909932334501
27.6785647422872,1.0722174983447492,0.5234911055978718
18.414207683647422,1.1745911079733033,0.12538062190507035
-1.178296634868187,1.3205168909087617,0.12954851868144265
-2.1424200513900953,1.6441220727260606,0.47571592556875436
3.635229922909165,1.2140695672204749,0.20058583349227144
22.57428674021774,1.3099876613564412,0.25464796300204906
31.184099020757394,1.899387806965987,0.19774924049730694
-21.188336931159064,1.3792706275493112,0.3924635494948722
5.631822061493388,1.6506848918020864,0.34918168480321776
8.421009790015269,1.1109141973267942,0.34220397446562323
-14.35162593327492,1.3383910271708357,0.18477243090654272
-12.40984970010399,1.8269683303964044,0.2002772674900898
10.503328130130932,1.3249392979401204,0.3181373291939227
-1.6599631893544542,1.5187566084920991,0.24514336424873517
0.7028872261340484,1.1100306634698096,0.17468633685656917
22.694466788767066,1.2850578638304153,0.20696678605223318
23.048847636381602,1.5184724402830263,0.3723311625661149
0.7963112967573078,1.298066898070637,0.3236971660427775
-7.726334815869219,1.3107309119460417,0.47611152425901243
-3.7175163581131034,1.764078576499946,0.32980125099320806
6.841178809900629,1.6759992870302491,0.26167757660524354
0.6800771824644816,1.1355486930362964,0.12267511566069693
18.999221327038388,1.7234960564263289,0.26330015901360665
-0.13991986912189525,1.3403525029111971,0.07104546949152146
-0.7021184959367552,1.121203584254138,0.15049535866807312
4.133158215209614,1.4930973286241738,0.063650376516172
4.353033473551,1.1066771000989069,0.05819738975996751
19.218813145208617,1.28412452516586,0.25107555162898504
-1.0848160067986896,1.1262751368432993,0.04822254832600856
-0.8680292967414394,1.2142033474722198,0.5786295405776773
6.778949274871546,1.6463233969067605,0.5144171930003202
-13.729734385660684,1.4759090930621555,0.23845073233338665
-6.037988074727975,1.1912976813160365,0.2818883222649495
0.19089121278467935,1.0668242886473052,0.33963031654516296
8.47710225508604,1.3884152144022188,0.33303601133323546
8.641962287015645,1.2426154609187432,0.08124436163415392
14.190284857180941,1.2469328217859945,0.4061457577625002
19.928162186376277,1.7667068898667084,0.24614739825636225
-7.894143233056836,1.2494092959162397,0.2754812627822498
4.233463615370144,1.6622638435951034,0.31589671185076856
11.244902361612642,1.3712288632266119,0.17987375983188464
1.9998826156933247,1.1709429236186781,0.34504770209960717
2.8228455312790066,1.7789019082969144,0.25979294819923954
3.979077449712727,1.2799723650710193,0.34668273285563206
0.2880335567901966,1.3508202056247933,0.6586057624317427
-5.468364460171305,1.931643088021424,0.2532043605552006
5.152923711928939,1.8209820214646832,0.6076448266851834
7.701478409096046,1.5167846436790462,0.35003890451517755
4.635667132668642,1.9239927691830507,0.43869724854819175
2.3838011514223787,1.767592588427775,0.08187482484603488
3.105487037985215,1.858669062295017,0.34751644897678835
-2.4365589114553625,1.3823393817093714,0.39267088957145035
9.069164575721148,1.4997354386363992,0.5954651051221829
-3.600862706107028,1.7894902494701297,0.6145895468759931
10.669549856686576,1.3203936103828067,0.3557660336236592
-0.8992676582600927,1.6656676586660628,0.12927788350930813
18.22094592952869,1.4018683259154412,0.3402232272708083
3.731801344869414,1.5585344074770506,0.48936213704699205
-1.6889277519829697,1.7892832463559567,0.358391938563864
-15.873980662733292,1.5236612940053536,0.36617717645777303
12.396718803462361,1.7379540780675096,0.18883115992183042
-20.946700744463254,1.9166873138388154,0.27508987863778295
-6.768176228884336,1.3681378572375236,0.4102607353703664
-4.191960818813778,1.1415845129472868,0.6070194506752781
8.933201618579226,1.9567272321398916,0.11616714151816934
6.0587693462760805,1.7024930516432502,0.07697484305671327
-1.077993423937917,1.1105127307671379,0.17938445296220712
10.528157502180683,1.7468924592360886,0.16591312183347368
16.78539836981702,1.7786587526855593,0.20188023013191506
-20.27094280321643,1.829290692360561,0.32116976634983657
4.003347021883519,1.0103397363564555,0.35811247120301115
18.13590656779243,1.6564712250851024,0.3359237767341979
7.630834330988328,1.299941509081375,0.4133133555736996
-3.84786968753433,1.0395442937437704,0.33555525696204547
8.461148728061776,1.9358125201105767,0.2913728373397007
-6.770393888469357,1.2561701442682827,0.6678866763920004
-6.283917738950983,1.7255108526288356,0.5289237370093507
4.511529103639016,1.9079739572404564,0.08247822914509108
-14.657603143571396,1.0546134960598144,0.3243873793108473
16.154981422822637,1.4047065260596139,0.3067038719545476
1.5469482572276858,1.7331584516234075,0.15257222208504975
0.7151437373919771,1.7430198088510114,0.6176916204893553
3.9252428964789083,1.4258291979359325,0.15992395971322715
-0.1150834393268676,1.655113168018266,0.11914242531469282
3.303339558170846,1.1527796444451384,0.22338594710104168
-10.583621894701144,1.1475799572399006,0.3215144244421241
18.950992323537896,1.7998446174033396,0.306216878609581
15.850419927223223,1.1488149922487834,0.038069291494694985
-0.28143277520293886,1.3815021927610016,0.6055222385665825
7.098766951101531,1.1411176344390404,0.3997943602472295
6.630776144638674,1.2289408743230035,0.4519706912994851
0.6097225228067962,1.343332459973546,0.45233984486033746
7.549615520666915,1.6196170889096448,0.5319991692583534
12.05753512717568,1.270222672955855,0.07571418223425583
4.228101358401809,1.8288419875295197,0.1941977169532899
8.34607016752216,1.2497428681326408,0.28222499367016557
5.013063249740884,1.1370872490031574,0.09985496908018977
1.912394135673027,1.0006054610014083,0.20017886286605918
-21.27303140465056,1.8899472603362508,0.3688478394700773
14.649490117571503,1.1382461897769853,0.06325593581673128
8.694757433727393,1.0840362344050174,0.10953451188052084
-1.8307052478005552,1.9341457220607579,0.2034340520347862
5.916455615386631,1.5300647271588397,0.5792785233982808
8.911826758935366,1.3953587700277148,0.5266187171219344
-6.801778920144054,1.7490582650219122,0.023770528670066713
-3.5201648607214153,1.0521777198506022,0.05064651623785396
5.401739624105295,1.0439174667021498,0.5123355814779936
-3.1489621856669814,1.8713216448321943,0.33863535766314895
-1.4305101791047274,1.8347534386318163,0.05288226820478235
8.067438406416827,1.841414047384363,0.30048324499266427
4.455967807270817,1.2456173361125464,0.37495804772854163
7.293236103675731,1.9888366404124307,0.18370831279226113
5.6212184540456995,1.6086740650349365,0.622456607361649
-14.425626172869343,1.0231558198033754,0.24270444503480654
9.14010715139505,1.8330421913231558,0.17640971126683663
-9.735758902044278,1.9686693574353993,0.12570969464882123
20.591394065678767,1.5132099703005664,0.0908442376656135
-4.159898136386662,1.0460368119043477,0.3008278800961421
-11.285390368528615,1.4627370340553856,0.3255557600515307
1.4927416745095337,1.0168171912028559,0.3807806850959179
-3.953801538236119,1.3606399589201486,0.22269628762623203
7.114966107484567,1.5824856169064883,0.36473455871917804
1.7574146235803925,1.42938209427667,0.47595269953548414
5.312541583558804,1.0488465192343246,0.16430423586959622
15.804164897192484,1.0391001020501518,0.29307127775934866
-9.185647755340188,1.8057166761277705,0.2711208740893766
-4.785600213835167,1.4627188447198627,0.2248589424348668
1.2848033354469406,1.695991719966425,0.3996474949422971
-6.839913144499702,1.0848867072336137,0.3927910327552567
-2.230826049930716,1.9771794488163192,0.2883905726285169
18.082893980484776,1.3386239884655413,0.3526988194340221
24.507630817027298,1.924888156069915,0.16316880911298653
12.966054296599902,1.1307034773849076,0.26046323127363363
11.773543010627922,1.6189006755682604,0.37960470451332856
10.248323616377952,1.2933644930647192,0.1787742545296309
23.773674369594247,1.4698069729094425,0.05597108842565023
0.8893613358640082,1.4740716366241733,0.45504325249595007
12.003726117411885,1.7088458130341648,0.4358438819577252
-14.423169506720146,1.9915561287273804,0.6343575044033812
9.034402783615654,1.0526830296803662,0.09332945407186626
-1.0265278086622605,1.051573969028716,0.32963272201719873
-9.294542917999852,1.5963525604276994,0.3795250620011287
-4.478067491500926,1.5613720349655784,0.20256842200023573
-0.8865635010234456,1.686732448294924,0.6006793721884071
20.42468075646915,1.8617954139056612,0.21048146349717967
-7.744155384620942,1.4457072984122097,0.4962449693429776
11.641043702542342,1.3525087697094444,0.557997859140231
-3.4069753771576536,1.693347525694692,0.260187582036795
-5.612926229550254,1.0277545491237032,0.10473129853848198
-10.313229581923201,1.9659336588439693,0.22733617362093878
-5.352957789048709,1.5306788001513696,0.029540481531459262
10.254453325855316,1.4099983959667965,0.2897546013260762
4.587944557337714,1.4908602550722134,0.09044984608651538
19.145127871714305,1.8299168626885365,0.22460972433238752
2.651883896902116,1.2000124934322383,0.5699260732524879
3.6694311598060234,1.5176260811754032,0.4333943578635776
6.755139287366513,1.0684812147693958,0.09678213773114215
2.02713880134167,1.6698984429898207,0.2560341534320961
10.070239983952021,1.1816125500831856,0.4252246422771214
-30.059190461871907,1.0843237049230576,0.04118532695959927
-6.203006344975751,1.9038355892100358,0.46201398437669233
-1.3586254345556963,1.3027531774202115,0.42035261253571404
-4.923576833134096,1.4592856503482268,0.4734705842801579
22.88492026415036,1.6686085097296348,0.2670702629849735
1.9587439119535142,1.2491808135028715,0.1139551153845159
9.68632443418744,1.6900580895791406,0.02078705174972143
24.832198567951007,1.6402647427383688,0.6081786360697908
2.0807260054858197,1.9536160666985816,0.46414825168001383
7.409955399482405,1.2666920276582931,0.4043156475428927
4.894101025266565,1.809875523536513,0.2126835152451439
-5.855260068441321,1.1526518577186895,0.04117439189670419
-12.605565681258842,1.3734332969678678,0.12485577027480295
4.662335928299662,1.30118969163274,0.4443515060702238
-2.4386934521762553,1.6550273474389554,0.16083858788753383
15.460303568798452,1.1393157980295174,0.4664762088571106
8.871363925844443,1.1366576418633971,0.2793860979554568
20.334761163925503,1.1856335944373768,0.23545531423742408
7.124843109109387,1.9851043890108162,0.20169834847819898
1.9193369297987588,1.1605738794069227,0.4898307089887507
7.429999966959741,1.129975543515997,0.14904807101563902
8.138721785961174,1.7902225381373005,0.5163217707942641
20.100499996321528,1.9821897936759383,0.6230196969604231
4.500257540351717,1.4792334470254938,0.1519456830881908
-6.449274886688096,1.5615493946361736,0.5488660073143742
-1.2542031998901813,1.614122400479597,0.6222802077829729
0.4145273607360682,1.0760616619467305,0.25156110492923633
2.6853778065732277,1.1160842644451852,0.20394900168561186
-8.46293215384709,1.6235899120816313,0.4289689309947942
1.426005221629015,1.540373851020143,0.12543056052644055
-11.229738644098475,1.495028822554873,0.33948737862302836
26.45252903902227,1.7845056877166519,0.16686267221250017
-3.5376959935367127,1.3924993484317332,0.24625250685712965
26.55333120775573,1.4595642743025494,0.10668072111611382
3.55345841010035,1.3447851048197759,0.5278129715831293
-3.874276808190589,1.5202022243575983,0.33621075700931397
-11.084550491836964,1.6462684557384608,0.300450149731834
-4.2004833681048,1.1362196858114635,0.37568836103411657
14.927913407475256,1.4911808965867843,0.5692960983428222
12.246038098002526,1.6192699961819033,0.5096935517879421
-11.084387979036304,1.5303032625498245,0.31740220088337656
10.077341144361545,1.3024580409005613,0.29828937936049904
10.34660772991714,1.458916231132057,0.3809939985042042
10.787581782744669,1.141112519647209,0.346726628820361
-13.05217307205794,1.132376544598742,0.2889947242621096
8.705178489857222,1.4142767187256537,0.29579464912965897
15.15517696950164,1.3622303306303267,0.2741025335568494
-1.963867725240374,1.9703631113608417,0.2050398803845497
9.323652975246242,1.5973421159219663,0.09763994297599564
9.599183651083212,1.905901128533425,0.32717951382476673
1.9897134042407938,1.3221276738320842,0.24894889314131674
7.582916952690933,1.5452128780689898,0.017923008009799346
1.1087895210740646,1.12136225436398,0.22703911684280695
14.305846212513188,1.2462788841350345,0.17045178915909806
20.928026078372906,1.8854446586752678,0.731711454343135
-5.803970123308522,1.5356493081766496,0.14052909917300527
13.680225703505219,1.5304935345985289,0.15109904690223322
-1.5937842982795019,1.7989923874667602,0.44623047821527495
-28.801432223411638,1.198989269981591,0.23851617905426153
13.799545406472813,1.365528046622324,0.03481453314315369
4.086393087574146,1.723308127652949,0.4002902104963614
12.03048536675262,1.902573477300447,0.29122642679717925
12.723236953796619,1.9380464231747507,0.18175556285242186
-6.576309746699595,1.441324389572789,0.2618043386058008
-19.212911750034067,1.3840533177701961,0.3166733030437566
-3.149876510863847,1.856371419968306,0.2116032070356619
0.8311245546551747,1.958786785422348,0.4551192676549747
17.46305889424755,1.4619175467176388,0.3434609283261482
8.958787178873873,1.773095572057883,0.16427377705153964
3.9608963173210086,1.318229998750689,0.5124285726742338
4.372415894779823,1.3805136884926186,0.4714387301607539
3.8890798881060156,1.4061898240879191,0.41095573770890603
-1.306582659934513,1.6417158743005102,0.29631910792395133
-19.991899782911844,1.000204401363069,0.19172184343143353
12.356314984657828,1.1953066680873983,0.4606412387358837
5.574553931323277,1.5959264489592666,0.28820792702457215
7.232388974884194,1.7701909073556732,0.28869813949380646
-12.238944145203927,1.0116811782130868,0.26095593067245626
8.034968192691155,1.0019630488927442,0.4324782971288987
-7.8276788922647675,1.6624590978882314,0.21587090722407384
7.614141130119752,1.4300084449152028,0.5171375594071447
3.2033952568995527,1.7895716595477107,0.16858420978533525
2.1045822132146768,1.6866132959063096,0.5828876505366597
35.000702925635224,1.265076405745711,0.3982609137747531
22.791467576810813,1.506685763532805,0.5041493237576046
6.320269815025677,1.674758171491494,0.22110818198671003
18.747317679512797,1.276561262496965,0.569077006940115
1.1481390817000943,1.6031700870845076,0.5516778654107399
3.309071653351946,1.5557076896265176,0.33956246421701924
-0.4364303389116593,1.2147979989608668,0.24054528792409097
-11.738932087566424,1.8251025924720097,0.12602499960357583
12.271676101646374,1.6429579654777755,0.29215809258302755
11.922600638917512,1.5853401679987071,0.40123098201093094
13.458364763257862,1.1970801274141165,0.43268959260847767
-7.183564016060464,1.9545256773106636,0.1039031106416665
24.488342373500462,1.5668987222668287,0.43042289695898855
19.326208200260208,1.7000020559704017,0.5239069469977746
-14.058838090077028,1.968001193309025,0.1088688868250242
-11.102470213933525,1.7788300114783757,0.10657529018786888
-6.508991572386488,1.0285141490954257,0.6376962012916471
9.405988391390686,1.197647769798797,0.15039400986905688
0.1024330873222219,1.2962246534454658,0.30146823761386426
1.877148139055143,1.6826807495482847,0.15183568956449453
-1.4107741189848895,1.2764936574867471,0.11944713272717883
6.673622117627157,1.303380301001296,0.2029881114132925
5.428351138878967,1.060011832773554,0.26950086112506594
16.050752655263118,1.1620669267163484,0.33503700435214023
-2.598986397084442,1.192321410971095,0.2535787087818046
1.2592025957543505,1.0976859618619774,0.11451071041965534
2.7480516621620685,1.9918918430772083,0.3962167665993884
-5.694022464839824,1.0822278376998717,0.3375014402980597
14.868241918197425,1.5545561765240765,0.20091160774980632
19.702901310682236,1.893142729798975,0.30466113633498615
8.251724916154291,1.334504179022988,0.15703905711569074
17.897634290764138,1.686366497899346,0.49823998168208217
-8.534862543652476,1.601619800941745,0.3692108630823123
5.843168483873725,1.3146767389507148,0.38272917468495504
11.71240650884392,1.8839053908654884,0.034599350646501936
6.537701644747203,1.4629740986812643,0.1460578589952129
4.8865511840319495,1.3267362829054934,0.168351144504639
7.043988672242256,1.8389746831265144,0.09264172573892128
24.132809410811458,1.8563641093483618,0.5066422690030999
-1.2635288889315133,1.3362688882923404,0.27958237722550483
2.2551753024289276,1.3286804263487746,0.15812231621420933
5.771547277384849,1.002344437291121,0.377225869707259
14.986147147449731,1.7965361963770405,0.44456650271901743
14.264396753565704,1.9223706247485701,0.27200413598315676
16.83170348360138,1.8115660756381438,0.17582131046457
-1.7033393519207678,1.545025759226372,0.25905386324669805
29.69344521069166,1.1021587754193356,0.3019330524719082
16.247994120042073,1.3629085301704595,0.14363486625813984
2.4149900680661824,1.1766603992623272,0.058131708841536574
-1.6693221972762569,1.014108454183859,0.31489886993394134
21.524974276751493,1.717916448308872,0.2678875444187513
-8.07465113655833,1.207043154399881,0.17552426752850797
13.428634710507517,1.7417915523047471,0.3639938672389039
3.50676051564402,1.5975317916001015,0.07559785081805474
-6.530112803653644,1.9292176619199908,0.45069545456757615
-5.271726217136768,1.4759322301387685,0.10733514313111406
-6.601637632813766,1.0110404479434483,0.16018586465365806
0.19980485996810726,1.9026395847112627,0.29122749057601005
12.79028358697711,1.1179389176591736,0.42384549735319355
-7.949420274059845,1.2333341383839844,0.41747877218474677
-3.4953321050048336,1.367188653942278,0.3965539702125201
0.10489751868529495,1.0085887036315102,0.1853546973238337
6.16042207049437,1.7513191516875377,0.169609736351609
-21.911526230788795,1.1046808762076337,0.39890353402025625
26.084930114869028,1.1397836140502144,0.4564678942405266
-6.135328676826562,1.8181723921180168,0.27778414269966445
2.0734076968644946,1.6755189703422937,0.23839607172346153
8.939680680894206,1.861987809619822,0.24558988453508265
2.232168264149423,1.9978727697001697,0.12435084832698473
16.334242909933252,1.215216011326583,0.2218630341749083
-5.048698146007579,1.5842030933105713,0.14067282134469988
4.543137012653511,1.9566854159513432,0.15067791008842088
1.7802638686113879,1.75350712651833,0.27059526559135
-2.4360063320402343,1.6599639402061928,0.09646240133084581
15.468157333704077,1.265050552954654,0.1250838068858853
-7.656964110986539,1.4857096744546832,0.41257702073275687
-0.28031504877184776,1.7061202216894484,0.1986718243981107
-6.395752813405924,1.1776520748017416,0.24383994918871754
14.502003235611294,1.8843596458078582,0.2293534801585246
4.9791709048714665,1.7359011824734796,0.33702824865064357
2.0889655973567978,1.1284884909771407,0.49587128542255615
-1.1024428750123505,1.9188169532171446,0.29138206804177863
-2.2752513867964392,1.8167717614652552,0.15183760584260012
-5.232567973580453,1.8180003349982417,0.24943128046788351
11.130683705616473,1.0375088957427963,0.6923267228230534
0.8403332780546089,1.9812149379148907,0.1443424866334167
9.563805662896236,1.29215723068158,0.28752327165322555
-8.556772282688932,1.7447050295760662,0.34212070398719985
-10.03847861486174,1.4783369666172077,0.7816004417063876
12.244879376185265,1.2710858286086175,0.2918028039980463
7.539336026752559,1.0339939602036297,0.30028632464274657
-15.084368328807983,1.2544255496394536,0.29241784946048754
11.484671209506073,1.1669961147580745,0.276592364756888
-0.15303230947472812,1.3517896614999358,0.307430876356006
7.139364215769893,1.9619193789649492,0.25605980653141336
11.487717688793015,1.2243526686736796,0.4015605728263458
7.394096563347522,1.5998925183977462,0.18445915460533865
2.1240654080335184,1.3801218948722924,0.7137394037874947
7.814844755226368,1.6049916371777873,0.251741005964033
0.6976757785680081,1.909917263775934,0.15335463092269438
15.386031430494644,1.0287357865584668,0.420239556412681
-4.788492921217628,1.941775469875288,0.7358954945628046
12.21540246081537,1.0063850790670044,0.3141177899384606
2.339050153348841,1.9388429202263402,0.35673971807103694
10.071495188589804,1.678587450535621,0.13241518092338272
-3.8952210178979065,1.1412031590600709,0.1593667933451014
-8.570004063732249,1.9214415709617811,0.07117115903735277
-4.546415838739254,1.9486347237353874,0.31683930686608475
8.163093889954721,1.1368047233447567,0.6275540088635658
8.596556503585298,1.079054628032971,0.20088460870239228
4.101441775336664,1.3065980922759377,0.2595549150591832
10.99878304341824,1.0447090493870088,0.15722911832070718
5.927954836257821,1.2897822373644745,0.3182698642387086
-1.8905146943936142,1.9123883606628702,0.1165961128245929
15.131502728141129,1.6165549016756042,0.3268822308950147
1.6126577568106777,1.5210145587936021,0.1582648040033321
5.156852889739045,1.8089915620791612,0.32155311269421133
9.821413660790443,1.8356392093287868,0.13084702012173544
-7.294994573327754,1.67792916270583,0.48609938754823956
-1.6735821951024885,1.8022011603043482,0.4160810202729087
1.6674787064498635,1.1142886565119499,0.6543880645693556
-1.9899170964888793,1.2515686073230055,0.43413709844879306
6.153334237118814,1.7120077598496093,0.29976692683413486
-17.765970237505506,1.6965150495797743,0.33268895643998314
9.408848661494552,1.7640103409373122,0.026093003338228712
15.709496605416321,1.2061555023068478,0.2880185776504373
11.87457602178121,1.1490558782868598,0.4368920427569717
-10.061025247176932,1.5101393248571333,0.29763255010011724
13.811736019746286,1.801509405466686,0.5439092187703181
4.035734993195855,1.494131710173469,0.3827391869790168
6.193287914800123,1.8944694532022712,0.2938503637037577
9.348409895656214,1.9413288703982792,0.4363934875809912
-7.7184483276861595,1.5329557528188698,0.3989021387939147
20.45825580253766,1.7509261263833826,0.5282693124792922
11.327825372500943,1.5552521301987485,0.16045087472368455
15.41673021345827,1.2807086907907235,0.1123117821513453
-12.708206936085784,1.698957043972511,0.2260404433928103
-3.0776563738759446,1.1127222721899317,0.8892850129437774
-0.42319349672114637,1.0964034530666016,0.42437640869671606
12.027471792064258,1.8813075317457608,0.12351319324779668
1.3619517988280343,1.4942444384637803,0.5765283890457551
-15.438418564085701,1.1479962891301265,0.35412025151421994
12.248871673745308,1.8623141436511634,0.20744555581742072
4.902866177886739,1.6899273364755065,0.16968436209147988
0.21508302961772285,1.7498203603706595,0.15910357929980698
15.867554729149003,1.7924359884863885,0.13996506394482652
10.569433145514882,1.7783415969992753,0.3799593942667001
9.20415485711812,1.2994655584087014,0.25889875548990643
10.439436252009376,1.7350732632106294,0.5143746447501395
21.74401322639263,1.2707748024254704,0.5815465728823634
-3.5258772927370385,1.606097316812485,0.363134246593119
21.37059343554185,1.3448431734323654,0.20908824294061695
30.213635853036262,1.5715783652470026,0.12470973174192847
-2.48385230456368,1.1186881335814662,0.28103511255798025
6.403659375663361,1.591942620542683,0.07167042651946262
7.627605518833908,1.5834381127295387,0.25532991853668413
0.3842450823281909,1.6261523396361877,0.14626025864495362
-0.989407379721702,1.9404086047851694,0.17317978000622722
10.371766489990076,1.0501934062349412,0.4025006046734121
7.987571797050178,1.9058524013507925,0.1564831869374682
28.35443569845355,1.6465885157864004,0.3304924645812815
-0.690963024123084,1.6806707744366325,0.10186804266819026
-0.13541627260940814,1.6092305623121388,0.1777141659809292
-15.56277263048678,1.01842770936311,0.16549441327828177
25.253928929040768,1.5503463089371485,0.30263011154474306
4.565880997542702,1.9851649734574721,0.23783710713353456
4.177022673363013,1.1560971600842227,0.1938458731276683
1.274401080561419,1.120104796916124,0.04700347917761356
27.17443628382598,1.0552750368317856,0.19437257569808605
6.030424574992249,1.9437347351793448,0.25009731244279454
-21.859886581536582,1.0166916549800293,0.1441132835411927
-1.4585016567346,1.497862717386798,0.06764360206031986
-4.317757827701081,1.1782944424533142,0.3132110792800486
4.09657427657154,1.7485626435230581,0.10004308426397777
-2.5144549954748587,1.4139381674119216,0.15503006591964713
-14.72719459788258,1.9777880399730692,0.4513734360746857
15.865097477783053,1.0174346841172577,0.22696979472549772
10.102247233547223,1.5162081934879068,0.28817506235471785
17.095362332053455,1.206499625932317,0.3197193600364722
-1.7054106746874016,1.6290409144792686,0.03681885257067027
5.880517284357395,1.8351764966671218,0.1257060073488265
9.955463093468875,1.1817422004657576,0.21970763052378942
9.07083043564535,1.066676679656903,0.23143523540005473
-2.048096493107174,1.4780073874225126,0.47848588755841254
0.9324905996334598,1.8292518854308573,0.06588145190357836
17.40465810042314,1.9927216741194669,0.185780625978636
-1.9844349450904115,1.619046607477375,0.2628911461984859
12.830251722468628,1.6319700062132954,0.3730417986966211
-7.739066173303357,1.3449380232858172,0.3302312756159027
2.031721241599535,1.5589811448448367,0.5415968472823913
-2.6574414570747242,1.5244010050606018,0.3680929817193637
7.263571909695731,1.2080957942304127,0.8397736610571469
7.731704811872422,1.405332047311512,0.2602503073866608
-8.911251161789822,1.8240742269977805,0.3453387517704251
3.7192171191554397,1.4437631827481048,0.2598208235566467
5.745146583825166,1.9437338506534036,0.6256539456401083
8.668521750387281,1.0506278926741612,0.20492877911395932
3.372982962264855,1.9423927494184237,0.2363399501620728
17.157713492578335,1.13234941709254,0.40110769458916923
2.5056883008325235,1.7756871271137942,0.4199047716485781
17.61893171773441,1.4450600642160398,0.5458082276559056
18.38755817546713,1.3336223767512947,0.3153110853405889
8.417663395801533,1.3786437994336533,0.09648300159877828
11.281208651592951,1.1203906349168926,0.3088536401567524
7.043913510940647,1.1129135256437355,0.48788707847617296
-3.541469118671852,1.4977284829910524,0.10513763709774233
8.663717153822928,1.5088171047423802,0.16755534408111847
-3.977146941201968,1.7174018981843528,0.13731137761880985
8.493986177960629,1.1129519707759292,0.2594095269953122
-6.032889518709297,1.8374406686005438,0.31705856885190636
16.70404666667826,1.3856363755557446,0.2632412647946332
2.663833542779769,1.2852986293427993,0.5917941017039081
12.452997401689217,1.0880917479281518,0.07740461717024084
15.58393995264629,1.4530938564424134,0.08040339074075632
-7.045455984934385,1.1863151155970941,0.22102773316267574
12.221273204060935,1.0562611799600687,0.43245105043381804
0.867022433741929,1.1883908758594388,0.36805095592452675
11.382941356419035,1.0199365760257744,0.5783847582828899
18.581056632036663,1.4004872110967153,0.6086441941565693
-8.274144254535555,1.8826760829894595,0.04921246278308444
13.847407091411704,1.1935532191250782,0.23806029740270085
9.687042530821655,1.8871973651892464,0.327434647829783
3.4926542892528945,1.803092911310594,0.14692816148395105
0.6584541119592462,1.0685532619527296,0.14775703480482358
-10.649800798457498,1.5805982237397838,0.1896557584167976
8.43390740912794,1.0731567622434688,0.1509273074077061
-19.363111572136717,1.282371109474362,0.10178202973339966
0.1980625807000269,1.7331457714669722,0.1701486852875973
5.0914395354019035,1.7141416561272615,0.19974099998644995
-4.1530515620266755,1.5022458801197855,0.15137646281449466
16.676854768742004,1.8178685641168986,0.2956738210043653
-11.591771056668527,1.7543240962344853,0.6984932828313148
6.824316344345848,1.1987052223658492,0.4233153951932551
-5.322103905125971,1.624215875217455,0.2632615234046015
-4.835091296224924,1.4656111890693988,0.07766100680755436
-1.5570426693528399,1.4030550087233347,0.17527969654734804
5.3182506078822,1.4956823532117212,0.33587121044992074
11.656956681459619,1.1192690509014969,0.5539469333551844
23.32795373587483,1.5933886701375244,0.22067074225500938
-0.432272277818198,1.1704604784565202,0.2031647578145467
-4.341095243994438,1.9206918823889287,0.358942261641563
-1.3893023285526889,1.2185628376306967,0.16236291569033484
26.19329234541654,1.8522996652819397,0.24164565815380307
9.226736908828988,1.7227155286054026,0.16007277614396564
-8.086011119503155,1.2173750355776796,0.08386514056146303
14.010030186903474,1.5424511093529407,0.3788840058985273
24.077953413043947,1.8713147592531651,0.16785188922577948
2.065875778378378,1.1773909895960841,0.3222257217729329
24.7562455826216,1.066428159970879,0.08641805874699736
14.253679345300446,1.8412371139919779,0.19064461862126095
-6.698952693729119,1.030317269459595,0.1533061447388744
14.777216620693167,1.6716223774735683,0.20493493859313716
7.2262608565089845,1.098544866774715,0.31275316361624045
-10.736600593474915,1.1165815638699805,0.5601684751591852
-5.462080150319732,1.8601096297130302,0.3142643691555029
